Timestamp,/RealOutputs/Elevator/HeightCM
31.270898,0
77.555022,0.00743994140625
77.706742,0.040506347656250004
77.929973,0.0413330078125
78.116159,0.05207958984375001
78.20839,0.056212890625000005
78.321972,0.0644794921875
78.449466,0.06861279296875
88.595574,0.07935937500000001
88.675654,0.08101269531250001
88.783541,0.08349267578125
88.87579,0.0843193359375
88.95882,0.08514599609375001
89.135991,0.08597265625
89.465717,0.0876259765625
89.701321,0.0975458984375
89.891384,0.08101269531250001
89.986045,0.08018603515625
90.099664,0.0710927734375
90.18082,0.1190390625
90.354262,0.10085253906250001
92.719128,0.09506591796875
95.720239,-0.0710927734375
95.801655,-0.00661328125
95.880623,-0.00413330078125
95.978678,-0.003306640625
97.090862,0.003306640625
97.186301,0.00743994140625
97.290831,0.00909326171875
97.371449,0.009919921875000001
97.755267,0.01074658203125
97.854064,0.0115732421875
97.974343,0.017359863281250002
98.06329,0.01901318359375
98.182882,0.023146484375
98.282736,0.03554638671875
98.366601,0.049599609375
98.461985,0.050426269531250005
98.548001,0.051252929687500004
98.714265,0.05290625
98.822764,0.05538623046875
98.901972,0.056212890625000005
98.970236,0.058692871093749995
99.068032,0.06199951171875001
99.147908,0.06530615234375
99.255239,0.0677861328125
99.326786,0.06861279296875
99.438698,0.07522607421875001
99.519836,0.07935937500000001
99.635532,0.0843193359375
99.797381,0.089279296875
100.02729,0.0942392578125
100.131429,0.0975458984375
100.438302,0.09175927734375
100.463808,0.082666015625
100.565759,0.09175927734375
100.675668,0.0975458984375
100.780178,0.08679931640625001
100.874301,0.08597265625
102.22181,3.574478515625
102.319903,3.3504536132812497
102.455707,3.0636025390625
102.582886,0.16615869140625
102.678029,2.026970703125
102.867721,3.1768549804687503
102.981748,3.012349609375
103.062329,2.9701899414062503
103.154616,2.9015771484375
103.287471,2.886697265625
103.461377,2.90075048828125
103.56381,2.9065371093750003
103.671548,2.89248388671875
103.77554,2.8809106445312502
103.908766,2.8784306640625
104.034275,2.89248388671875
104.143071,2.91067041015625
104.237156,2.90075048828125
104.515685,2.880083984375
104.615614,2.87925732421875
105.09771,0.99943212890625
105.197972,0.77127392578125
105.274231,0.69687451171875
105.358949,0.44474316406250003
105.454315,0.380263671875
105.558121,0.3389306640625
105.660591,0.333970703125
105.741728,0.32983740234375003
105.859484,0.32487744140625
105.955795,0.3190908203125
106.01868,0.29015771484375
106.089689,0.267837890625
106.19561,0.25543798828125003
106.346644,0.23890478515625002
106.593823,0.23725146484374998
106.670286,0.221544921875
106.786928,0.19757177734374998
106.864189,0.18103857421875
106.991127,0.1802119140625
107.237155,0.18103857421875
107.370622,0.17773193359375
107.472276,0.25047802734375
107.574932,0.25461132812500004
107.761341,0.19922509765625002
107.902228,0.18599853515625
108.036549,0.18103857421875
108.752579,0.17855859375
108.830192,0.17938525390625001
109.153574,0.1802119140625
109.239535,0.175251953125
109.334585,0.14797216796875
109.419043,0.1454921875
109.771289,0.21989160156249998
109.874501,0.1636787109375
109.949777,0.15871875000000002
110.182914,0.13887890625000002
110.337862,0.17359863281250001
110.433487,0.16533203125
110.51865,0.15623876953125002
110.608581,0.148798828125
110.818567,0.14962548828125
111.000357,0.148798828125
111.297695,0.13887890625000002
111.39588,0.14466552734375002
111.490782,0.14301220703125
111.932698,0.1438388671875
112.022666,0.14466552734375002
112.146691,0.148798828125
112.260365,0.15458544921875
112.402755,0.15127880859375
112.507859,3.4835458984375003
112.595007,9.839735839843751
112.681933,18.5783603515625
112.75565,28.65452099609375
112.823803,37.91807470703125
112.928629,44.8992197265625
113.025609,45.679586914062504
113.1035,46.06150390625
113.251473,46.9460302734375
113.343685,47.113015625
113.433356,47.18658837890625
113.518779,47.2337080078125
113.626721,47.235361328125
113.710883,47.24280126953125
113.80994,47.2849609375
113.888684,47.51229248046875
114.00746,48.0074619140625
114.093699,47.98514208984375
114.179326,45.99950439453125
114.33906,30.578159179687496
114.43027,14.312793945312501
114.530774,5.69320849609375
114.606198,1.6276938476562504
114.686872,1.0498583984375
114.770459,1.2383369140625
114.853989,0.78946044921875
114.95095,0.591888671875
115.108514,0.45466308593750004
115.24007,0.53815576171875
115.388396,0.26701123046875
115.482686,0.24386474609375
115.56208,0.23559814453125
115.640806,0.22485156250000002
115.718289,0.22402490234375
115.91722,0.221544921875
116.243663,0.22402490234375
116.321684,0.22237158203125001
116.422188,0.221544921875
116.48984,0.22567822265625004
116.5579,0.22485156250000002
116.75555,0.221544921875
117.170903,0.21575830078125
117.399884,0.373650390625
117.559562,0.22567822265625004
117.661049,0.21410498046875
117.743282,0.21989160156249998
117.854099,0.22402490234375
118.009752,0.21906494140625002
118.147171,0.21823828125
118.334118,0.221544921875
118.419596,0.21906494140625002
118.580443,0.21493164062499998
118.678406,0.22815820312500004
118.863256,0.2265048828125
118.957565,0.22402490234375
119.034269,0.221544921875
119.185952,0.21989160156249998
119.282746,0.2231982421875
119.373827,0.21493164062499998
119.594887,0.2231982421875
119.800736,0.221544921875
120.015861,0.22237158203125001
120.486344,0.221544921875
120.615434,0.21658496093750002
120.735378,0.21410498046875
120.802362,0.21079833984375004
121.152364,0.23973144531249999
121.223781,0.22898486328125
121.302841,0.21823828125
121.385444,0.1967451171875
121.444341,0.18930517578125
121.522918,0.2000517578125
121.66273,0.1835185546875
122.038645,0.19178515625
122.213999,0.19261181640625
122.335742,0.19343847656250002
122.431664,0.18599853515625
122.535878,0.18269189453125
122.681792,0.17938525390625001
122.76959,0.1835185546875
122.853825,0.18434521484375
123.24779,0.185171875
123.335272,0.18434521484375
123.410214,0.18186523437500002
123.619421,0.185171875
123.886949,0.18434521484375
123.970665,0.18103857421875
124.217732,0.18434521484375
124.353314,0.1868251953125
124.475466,0.185171875
124.590662,0.18269189453125
124.686231,0.18103857421875
124.763121,0.18186523437500002
126.017565,0.18269189453125
126.037673,0.185171875
126.839274,0.18434521484375
126.863834,0.18269189453125
127.224817,0.18930517578125
127.290596,0.21245166015624997
127.373496,0.221544921875
127.560572,0.21823828125
127.94708,3.0536826171875
128.11633,2.9842431640625002
128.263283,3.0412827148437502
128.364529,2.9214169921875
128.478593,2.84453759765625
128.57689,2.81808447265625
128.670289,2.7957646484375003
128.755971,2.787498046875
128.940377,0.23063818359375005
129.016321,0.585275390625
129.078983,0.7555673828125
129.155817,0.5770087890625
129.250385,0.4678896484375
129.354283,0.4364765625
129.446885,0.41581005859375003
129.533254,0.39762353515625004
129.611516,0.37447705078125
129.693451,0.36290380859375
129.922692,0.3620771484375
130.0165,0.3488505859375
130.09914,0.3190908203125
130.201981,0.274451171875
130.316008,0.2595712890625
130.421836,0.25874462890625
130.672446,0.25791796875
131.386584,7.468874511718751
131.49436,16.24221875
131.602376,31.79252294921875
131.682753,38.77614794921875
131.766507,46.1210234375
131.838035,47.52717236328125
131.910788,47.41474658203125
131.986472,47.63959814453125
132.07772,48.019861816406255
132.162197,48.15543408203125
132.250031,48.2422333984375
132.394201,48.36044580078125
132.534477,48.40839208984375
132.628451,48.4968447265625
132.730884,48.51503125
132.815991,48.51585791015625
132.884645,47.36349365234375
132.954467,42.7465966796875
133.04373,31.076635253906247
133.161949,14.2532744140625
133.249078,5.98419287109375
133.326172,1.63348046875
133.462422,1.2647900390625
133.579602,0.9101528320312502
133.710565,0.5770087890625
133.814965,0.4414365234375
133.888089,0.42903662109375007
133.990614,0.36125048828125
134.075388,0.35959716796875
134.239222,0.3571171875
134.342527,0.35629052734375
134.515617,0.26370458984375
134.620795,0.23725146484374998
134.741055,0.23477148437499998
134.937889,0.23229150390624997
135.12196,0.22402490234375
135.399413,0.22733154296875002
135.537703,0.23311816406250005
135.646462,0.22733154296875002
135.939088,0.2231982421875
136.010543,0.23146484375
136.059848,0.23311816406250005
136.090716,0.23229150390624997
136.111436,0.23146484375
136.155344,0.22898486328125
136.179199,0.22815820312500004
136.202554,0.22567822265625004
136.283153,0.22485156250000002
137.125119,3.0024296875000003
137.231485,3.2834941406250007
137.301771,2.9883764648437503
137.418413,3.0503759765625
137.501758,2.9205903320312503
137.667391,2.8742973632812503
137.810152,2.880083984375
138.002367,2.99002978515625
138.091723,3.13882861328125
138.187051,3.0206162109375003
138.295123,-0.39762353515625004
138.391787,0.6398349609375
138.490121,0.446396484375
138.593871,0.30999755859375
138.699217,0.26453125
138.809738,0.241384765625
138.924043,0.22402490234375
138.99802,0.2231982421875
139.247703,0.22237158203125001
139.967703,0.221544921875
140.059303,3.7480771484375
140.141535,10.75402197265625
140.235602,20.24077392578125
140.314588,30.7765576171875
140.417726,41.81329736328125
140.53754,47.6701845703125
140.629659,47.5478388671875
140.795663,48.0521015625
140.886262,48.141380859375005
140.978214,48.2521533203125
141.059574,48.278606445312505
141.134201,48.3563125
141.196084,48.39681884765625
141.292432,48.45633837890625
141.376371,48.48196484375
141.450775,48.5067646484375
141.531282,48.52412451171875
141.61945,48.53487109375
141.710661,48.53569775390625
142.055505,48.564630859375
142.1505,48.64481689453125
142.259537,45.945771484375
142.328005,37.050908203125005
142.438136,24.7204453125
142.544928,10.278692382812501
142.648122,3.6505312500000007
142.744619,1.4532685546875002
142.915353,1.04572509765625
143.022034,0.58858203125
143.146783,0.46044970703125004
143.270308,0.4513564453125001
143.350629,0.45548974609375004
143.441895,0.3992768554687501
143.51641,0.35794384765625004
143.616543,0.35215722656250004
143.765685,0.34141064453125003
143.914568,0.27362451171875
144.014942,0.22815820312500004
144.098064,0.22567822265625004
144.182671,0.23063818359375005
144.36357,0.22485156250000002
144.534731,0.22815820312500004
144.599935,0.22402490234375
144.997442,0.23559814453125
145.09739,0.22567822265625004
145.938836,0.2265048828125
146.058484,0.22733154296875002
146.147561,3.10162890625
146.251793,3.3000273437499996
146.363279,2.9734965820312502
146.441912,3.0503759765625
146.523755,2.9280302734375
146.5938,2.9148037109375
146.658354,2.87264404296875
147.053599,2.88917724609375
147.160651,2.9015771484375
147.254569,2.899923828125
147.338545,2.9272036132812502
147.447471,2.94291015625
147.545897,2.9238969726562503
147.614087,2.9181103515625
147.699231,2.8982705078125
147.76807,0.8911396484375
147.84676,0.34471728515625
147.919123,0.70183447265625
148.011892,0.538982421875
148.230522,0.4662363281250001
148.358165,0.46458300781249995
148.441806,0.46375634765625
148.547838,0.46210302734375
148.654798,0.4612763671875001
148.769937,0.45879638671875
148.842301,0.4579697265625
148.97523,0.453009765625
149.042289,0.39845019531250003
149.176442,0.3653837890625
149.364558,0.36455712890625
149.520804,0.35959716796875
149.611532,0.35794384765625004
149.699701,0.35629052734375
149.782786,0.35463720703125
149.881991,0.353810546875
150.113199,0.35298388671875003
150.250079,0.33562402343750003
150.648774,3.78858349609375
150.72661,10.7796484375
150.815613,20.32013330078125
150.887698,30.96420947265625
150.954181,38.12473974609375
151.031053,44.788447265625
151.094661,47.314720703125005
151.170493,47.3130673828125
151.252428,47.58669189453125
151.387472,48.108314453125004
151.506489,48.2058603515625
151.587478,48.264553222656254
151.667002,48.31911279296875
151.7397,48.386072265625
151.82195,48.4042587890625
151.900751,48.451378417968755
152.003295,48.505111328125004
152.091167,48.51585791015625
152.171284,48.5166845703125
152.328273,41.874470214843754
152.422989,24.414581054687503
152.538945,13.615919433593751
152.63125,5.41214404296875
152.735464,1.05233837890625
152.827156,1.497908203125
152.902636,1.02505859375
153.006572,0.7977270507812501
153.098506,0.6811679687500001
153.178512,0.6464482421875001
153.326745,0.6018085937500001
153.462364,0.53650244140625
153.539588,0.47036962890625
153.623415,0.43316992187500003
153.720153,0.38274365234375
153.799009,0.37943701171875
153.900571,0.37117041015625
153.98668,0.3653837890625
154.061622,0.36455712890625
154.278787,0.3653837890625
154.419525,0.35959716796875
154.521773,0.35794384765625004
154.615246,0.35877050781250003
154.686145,0.35629052734375
154.897392,0.353810546875
155.178591,0.35133056640625
155.323263,0.34967724609375
155.455246,0.343890625
155.575283,0.33562402343750003
155.671688,0.31743750000000004
155.753345,0.32983740234375003
155.842811,0.320744140625
155.916028,0.31991748046875
157.131702,2.0815302734375
157.222152,3.3000273437499996
157.302418,3.11733544921875
157.383927,2.9635766601562503
157.468125,2.9453901367187503
157.609996,2.91232373046875
157.697644,2.9065371093750003
157.944007,2.90571044921875
158.026981,2.90323046875
158.162507,-0.4786362304687501
158.232385,0.7291142578125
158.315063,0.5108759765625001
158.422894,0.380263671875
158.559143,0.32322412109375004
158.699511,0.22237158203125001
158.842754,0.22733154296875002
158.975684,0.22402490234375
159.062869,0.188478515625
159.167583,0.15954541015625
159.246866,0.1438388671875
159.339635,0.13639892578125
159.819987,0.14135888671875
159.914444,0.13970556640625
160.005839,0.13805224609375
160.437442,2.522966796875
160.53611,8.653478515625
160.661897,25.34870703125
160.777427,39.910325683593754
160.891917,46.6021396484375
160.99678,47.20477490234375
161.062726,47.5015458984375
161.154196,47.90743603515625
161.278351,48.08434130859375
161.363384,48.1794072265625
161.450161,48.27447314453125
161.527366,48.348872558593754
161.655361,48.40508544921875
161.722308,48.4571650390625
161.846036,48.49105810546875
161.954573,48.51503125
162.049085,48.531564453125
162.134192,46.988189941406254
162.222564,40.031018066406254
162.306262,30.0259501953125
162.385823,18.92307763671875
162.474436,7.277089355468751
162.577908,1.24081689453125
162.697333,1.6004140625
162.774835,1.18625732421875
162.917726,0.74647412109375
163.010531,0.661328125
163.126766,0.55303564453125
163.210871,0.4835961914062501
163.287149,0.4786362304687501
163.461946,0.46210302734375
163.576065,0.4629296875
163.739695,0.4439165039062501
163.846413,0.44556982421875
163.981958,0.4414365234375
164.078102,0.43978320312499997
164.243012,0.42325
164.358653,0.38605029296875
164.435487,0.38274365234375
164.514528,0.37613037109375
164.61902,0.36951708984375004
164.71088,0.36786376953125
164.808601,0.3620771484375
165.050642,0.35959716796875
165.466625,0.35877050781250003
165.562084,0.35794384765625004
165.662551,0.3653837890625
165.732725,0.36125048828125
165.869031,0.35959716796875
166.026279,0.35877050781250003
166.177461,0.35959716796875
166.252886,0.35877050781250003
166.310409,0.35794384765625004
166.440185,0.3571171875
166.782933,0.35463720703125
166.846579,0.35629052734375
166.969769,0.32901074218750004
167.087191,0.32157080078125
167.186322,0.31661083984375
167.547286,0.31826416015625003
167.660775,0.31991748046875
167.994638,0.3190908203125
168.167227,0.31495751953125
168.438076,0.3157841796875
168.536465,0.314130859375
168.636524,0.31082421875
168.709945,0.31495751953125
168.791027,0.31330419921875
168.865987,0.327357421875
168.903328,0.3323173828125
168.938351,0.31991748046875
168.975655,0.327357421875
169.002348,0.32818408203125
169.02318,0.32653076171875
169.047388,0.32322412109375004
169.075268,0.3190908203125
169.098289,0.31661083984375
169.198273,0.3190908203125
169.218586,0.31991748046875
169.519485,0.3190908203125
169.701702,0.31661083984375
169.739284,0.3157841796875
169.774659,0.3223974609375
169.798997,0.32487744140625
169.824855,0.320744140625
169.849898,0.3190908203125
170.69153,0.32157080078125
170.802811,0.31082421875
170.895153,0.29842431640625
170.99959,0.2827177734375
171.092006,0.27858447265625
171.235138,0.2827177734375
171.340335,0.27858447265625
171.653941,0.2794111328125
172.002959,0.28023779296875
172.29117,0.26535791015625
172.389838,0.25874462890625
172.634067,0.2595712890625
172.75557,0.26039794921875004
172.891189,0.26618457031250004
172.994494,0.2694912109375
173.060365,0.26866455078125
173.214571,0.26701123046875
173.29684,0.2595712890625
173.725994,0.26039794921875004
173.810007,0.25461132812500004
173.898973,0.25213134765625
174.058077,0.2595712890625
174.140828,0.261224609375
174.54212,0.26205126953125
174.79837,0.26039794921875004
174.878191,0.261224609375
174.967564,0.26701123046875
175.043119,0.24386474609375
175.1631,0.24469140625000002
175.199384,0.2463447265625
175.614514,0.24551806640625
175.678456,0.24221142578125
175.709231,0.24386474609375
175.738447,0.24469140625000002
175.872415,0.24221142578125
175.977964,0.24469140625000002
176.003378,0.2463447265625
176.065706,0.24551806640625
176.08561,0.24469140625000002
176.310362,0.2463447265625
176.520441,0.24551806640625
176.542274,0.24469140625000002
176.666373,0.2463447265625
177.944877,0.24717138671875002
178.016053,0.23063818359375005
178.078919,0.23311816406250005
178.37314,2.60976611328125
178.471196,3.4141064453125
178.559197,3.22314794921875
178.6569,3.1818149414062495
178.774952,3.0569892578125
178.880205,3.08840234375
178.975273,3.06442919921875
179.074201,3.058642578125
179.1589,1.1424443359375
179.238591,0.8597265624999999
179.315889,3.5769584960937495
179.397898,3.8456230468749997
179.46785,3.5612519531250006
179.564533,3.3479736328125003
179.664053,3.2388544921875
179.755449,3.20744140625
179.847309,3.157841796875
180.009788,0.5505556640625
180.097122,0.6762080078125
180.192395,0.4513564453125001
180.283623,0.33810400390625
180.375891,0.29759765625
180.455007,0.27527783203125
180.538111,0.23642480468750002
180.619378,0.22071826171875
180.784214,0.22237158203125001
180.858024,0.19095849609375
180.955245,0.168638671875
181.021969,0.16615869140625
181.091717,0.1570654296875
181.175174,0.155412109375
181.311646,0.15458544921875
181.401966,0.15293212890625
181.479542,0.1438388671875
181.611785,0.14466552734375002
181.687933,0.14631884765625
181.897566,0.1438388671875
181.987664,0.14301220703125
182.054722,0.142185546875
182.507991,3.05781591796875
182.606028,11.543482421875
182.711169,26.18776708984375
182.808278,36.2540078125
182.887431,43.621203125
183.009713,47.39325341796875
183.114335,47.377546875
183.208105,47.92562255859375
183.293584,48.05292822265625
183.367542,48.141380859375005
183.434526,48.211646972656254
183.507984,48.29431298828125
183.620824,48.3579658203125
183.709326,48.405912109375
183.815117,48.48113818359375
183.914304,48.50097802734375
184.023582,48.51420458984375
184.125124,48.51503125
184.195429,48.51585791015625
184.27653,48.5299111328125
184.355497,48.537351074218755
184.434724,48.6985498046875
184.522206,45.8383056640625
184.600023,41.5198330078125
184.687505,30.553359375
184.762354,23.14731103515625
184.838928,10.8408212890625
184.925835,5.20465234375
185.047672,1.9228115234374998
185.152256,1.43756201171875
185.22705,0.9556191406250001
185.302957,0.7497807617187501
185.376841,0.57452880859375
185.488679,0.46954296874999996
185.562898,0.45879638671875
185.634241,0.45548974609375004
185.708738,0.40754345703124994
185.808444,0.37447705078125
185.891214,0.3554638671875
185.92466,0.35215722656250004
185.952114,0.3323173828125
185.974708,0.31247753906250003
185.996634,0.30834423828125
186.018263,0.307517578125
186.04056,0.29677099609375
186.061095,0.2959443359375
186.102925,0.29346435546875
186.144051,0.28437109375
186.184416,0.28023779296875
186.208067,0.27693115234375
186.371066,0.26453125
186.527832,0.25791796875
187.090435,0.25378466796875
187.179493,0.25461132812500004
187.213903,0.24965136718750003
187.238983,0.24717138671875002
187.262022,0.2463447265625
187.345646,0.241384765625
187.368852,0.24055810546875
187.398198,0.23477148437499998
187.525655,0.23725146484374998
187.628366,0.23642480468750002
187.702548,0.238078125
187.830598,0.22485156250000002
187.975956,0.22981152343750003
188.079892,0.23559814453125
188.182974,0.23477148437499998
188.273962,0.23311816406250005
188.358494,0.23063818359375005
188.440207,0.2231982421875
188.562488,0.21989160156249998
188.692988,0.21906494140625002
188.757709,0.221544921875
188.840998,0.22567822265625004
189.366408,0.22237158203125001
189.455764,0.21079833984375004
189.527255,0.19261181640625
189.698435,0.18599853515625
189.885456,0.1868251953125
189.972177,0.23063818359375005
190.056505,0.2265048828125
190.128275,0.22237158203125001
190.206445,0.2265048828125
190.331194,0.22733154296875002
190.582546,0.21906494140625002
190.714864,0.21658496093750002
190.809969,0.21575830078125
190.886785,0.21493164062499998
190.957683,0.21989160156249998
191.623257,0.22071826171875
191.647391,0.22567822265625004
191.675624,0.22733154296875002
191.698867,0.22237158203125001
191.72211,0.21989160156249998
191.817012,0.22071826171875
191.839049,0.221544921875
192.046345,0.23146484375
192.086562,0.21575830078125
192.173023,0.21906494140625002
192.597002,1.5599077148437501
192.669681,3.4967724609375
192.742638,3.3992265624999995
192.824815,3.07600244140625
192.895082,3.14544189453125
193.000465,3.03962939453125
193.120038,2.99994970703125
193.2354,3.00160302734375
193.31895,3.0040830078125
193.428079,2.9809365234375003
193.627195,2.9759765625
193.700041,1.6210805664062502
193.779082,0.16450537109375002
193.896541,0.6100751953125
194.007952,0.48194287109375006
194.07655,0.45548974609375004
194.198925,0.3653837890625
194.26756,0.36125048828125
194.351647,0.360423828125
194.914843,2.13608984375
194.984165,7.58791357421875
195.074633,16.33728466796875
195.143249,26.53165771484375
195.279165,40.70557275390625
195.394658,47.315547363281254
195.51015,47.4916259765625
195.649627,48.01324853515625
195.718336,48.06119482421875
195.823997,48.4141787109375
195.906489,48.47783154296875
195.992301,48.478658203125
196.07049,48.537351074218755
196.151831,48.630763671875
196.304016,48.68118994140625
196.397378,48.690283203125
196.491463,48.70681640625
196.576589,48.723349609375
196.658599,48.77212255859375
196.88374,46.317768554687504
196.999307,37.1980537109375
197.069723,26.790402343749996
197.187404,8.779130859375
197.381084,1.0333251953125
197.498394,1.12673779296875
197.566343,0.7902871093749999
197.65555,0.6034619140625
197.73832,0.598501953125
197.810758,0.512529296875
197.921984,0.36290380859375
198.058011,0.34802392578125
198.176378,0.3422373046875
198.286732,0.26866455078125
198.404061,0.25378466796875
198.525489,0.23311816406250005
198.594885,0.22567822265625004
198.982265,0.22898486328125
199.077575,0.21493164062499998
199.165038,0.2463447265625
199.255042,0.20914501953125
199.33477,0.21575830078125
199.430841,0.21658496093750002
200.208958,2.0451572265625
200.293527,3.40583984375
200.370157,3.3595468749999995
200.526571,3.025576171875
200.653638,2.8809106445312502
200.739321,2.8850439453125003
200.817694,2.8784306640625
200.880022,2.87677734375
200.96999,2.87595068359375
201.22674,0.9680190429687501
201.303074,-0.0132265625
201.370763,0.8109536132812502
201.52406,0.5241025390625
201.64354,0.37778369140625
201.72644,0.32487744140625
201.815184,0.30338427734375
201.907822,0.25791796875
201.974825,0.24386474609375
202.043701,0.23973144531249999
202.122947,0.23477148437499998
202.294182,0.23559814453125
202.49313,0.23477148437499998
202.578201,0.22898486328125
202.692561,0.22981152343750003
202.78379,0.21245166015624997
202.894812,0.19261181640625
202.975059,0.155412109375
203.070351,0.14962548828125
203.188941,0.13970556640625
203.749967,3.73237060546875
203.842513,12.929791503906248
203.974682,27.995672851562496
204.064111,39.90205908203125
204.150128,45.7291865234375
204.238834,47.526345703125
204.324887,47.5346123046875
204.410273,47.82807666015625
204.502578,48.0521015625
204.582435,48.160394042968754
204.70724,48.26785986328125
204.794963,48.3282060546875
204.878234,48.3811123046875
204.947926,48.41335205078125
205.034703,48.45964501953125
205.109552,48.503458007812505
205.198407,48.5133779296875
205.309892,48.57041748046875
205.391624,48.62167041015625
205.463022,46.46739404296875
205.554122,38.52649658203125
205.670578,28.067592285156252
205.782398,9.62811083984375
205.902231,1.5194013671875
205.990603,1.160630859375
206.060314,1.243296875
206.136146,1.07796484375
206.212071,0.783673828125
206.305192,0.6125551757812501
206.381118,0.598501953125
206.458712,0.59767529296875
206.527997,0.59436865234375
206.607706,0.58196875
206.775324,0.5803154296875
206.876124,0.5662622070312501
206.98991,0.56295556640625
207.067412,0.55138232421875
207.158251,0.53815576171875
207.238091,0.4959960937500001
207.315555,0.46706298828125004
207.398826,0.46210302734375
207.823083,0.40093017578125
207.95822,0.360423828125
208.08232,0.35959716796875
208.645887,0.360423828125
209.271467,0.32818408203125
209.341939,0.32653076171875
209.422705,0.3257041015625
209.62696,3.6025849609375
209.702848,3.07434912109375
209.780535,3.1024555664062503
209.918603,3.02805615234375
210.011278,2.9842431640625002
210.20008,2.96522998046875
210.283166,1.13087109375
210.363599,0.31330419921875
210.446665,0.68695458984375
210.52465,0.525755859375
210.603561,0.4265566406250001
210.669432,0.37117041015625
210.744504,0.34802392578125
210.8208,0.2959443359375
210.94746,0.23973144531249999
211.019749,0.23229150390624997
211.095285,0.23146484375
211.155646,0.23063818359375005
211.650931,0.22981152343750003
211.794805,0.21906494140625002
211.913099,0.20335839843750003
212.042782,0.22898486328125
212.155844,0.19261181640625
212.247425,0.1835185546875
212.342735,0.15954541015625
212.422556,0.14631884765625
212.491562,0.13805224609375
212.560549,0.13887890625000002
212.819118,0.1405322265625
213.103007,0.13887890625000002
213.219148,0.1372255859375
213.320506,0.1339189453125
213.861164,1.4656684570312501
213.942969,6.74637353515625
214.017911,15.213853515625
214.107397,27.872500488281247
214.204543,39.7838466796875
214.290856,45.65726708984375
214.380805,47.47674609375
214.466766,47.493279296875
214.55562,47.815676757812504
214.646794,48.062021484375
214.722366,48.1496474609375
214.802855,48.228180175781254
214.876535,48.286873046875
214.957784,48.3513525390625
215.044023,48.39681884765625
215.194297,48.487751464843754
215.280053,48.4968447265625
215.364029,48.5166845703125
215.463717,48.52908447265625
215.535765,46.693898925781255
215.64304,40.711359375
215.717982,31.452765625
215.797914,21.022794433593752
215.872485,10.91770068359375
215.950488,3.9952485351562506
216.03502,1.4433486328125
216.110296,1.6938266601562502
216.192064,1.31521630859375
216.262758,0.90849951171875
216.354432,0.6935678710937501
216.435848,0.56956884765625
216.507303,0.53980908203125
216.577162,0.47946289062499997
216.667798,0.46044970703125004
216.730979,0.45714306640624996
216.796108,0.40258349609374994
216.863648,0.3554638671875
216.942486,0.31743750000000004
217.055548,0.314130859375
217.157592,0.31330419921875
217.3545,0.31247753906250003
217.455894,0.3223974609375
217.541892,0.32818408203125
217.641357,0.32901074218750004
217.726353,0.32487744140625
217.790796,0.2827177734375
217.867778,0.26618457031250004
217.970768,2.0054775390625
218.066634,3.02970947265625
218.155749,2.84288427734375
218.30771,2.8966171875
218.423536,2.9561367187500003
218.529401,2.9644033203125
218.608703,2.96522998046875
218.70238,3.0098696289062503
218.779437,3.01978955078125
218.875136,3.02144287109375
218.934515,3.00904296875
219.020791,3.0057363281250002
219.343208,3.00490966796875
219.450669,3.0040830078125
219.546572,3.00325634765625
219.634889,2.95861669921875
219.872514,2.95696337890625
219.982312,2.9453901367187503
220.2263,0.3992768554687501
220.299646,0.15293212890625
220.455281,0.486076171875
220.557714,0.34802392578125
220.678697,0.27114453125
220.750448,0.2430380859375
220.8483,0.23394482421875
220.918066,0.22981152343750003
221.004788,0.22733154296875002
221.315537,0.2265048828125
221.95516,0.22567822265625004
222.610717,0.22485156250000002
222.683729,0.22567822265625004
222.777129,0.22485156250000002
222.971013,0.22071826171875
223.052225,0.2265048828125
223.158702,0.22485156250000002
223.286289,0.221544921875
223.382415,0.22898486328125
223.510429,0.22485156250000002
223.607668,0.22237158203125001
223.679642,0.21823828125
223.751338,0.21493164062499998
223.87015,0.21245166015624997
223.950379,0.21079833984375004
224.062328,0.20501171875000002
224.14968,0.19922509765625002
224.256102,0.195091796875
224.322566,0.19343847656250002
224.389792,0.21823828125
224.531384,0.22815820312500004
224.699484,0.21658496093750002
224.793031,0.21493164062499998
224.875709,0.19922509765625002
224.971779,0.1868251953125
225.062507,0.1802119140625
225.167222,0.17359863281250001
225.254314,0.1719453125
225.347305,0.16946533203125
225.54822,0.175251953125
225.644829,0.16946533203125
225.723796,0.15871875000000002
225.799239,0.15954541015625
225.939236,0.14135888671875
226.098655,0.13970556640625
226.226464,0.13887890625000002
226.414914,0.1405322265625
226.482751,0.15954541015625
226.567024,0.14631884765625
226.630743,0.13970556640625
226.779903,0.13887890625000002
226.968167,0.1372255859375
227.069766,0.13639892578125
227.262927,0.135572265625
227.341987,0.13639892578125
227.778246,0.135572265625
227.895686,4.301939453125001
227.964766,5.77752783203125
228.039968,4.51604443359375
228.108844,0.56130224609375
228.180132,0.60924853515625
228.286571,0.47036962890625
228.386946,0.32405078125000003
228.472517,0.28519775390625
228.559702,0.25213134765625
228.718211,0.23973144531249999
228.810479,0.238078125
228.888092,0.23559814453125
229.002416,4.35897900390625
229.090899,13.925916992187501
229.220916,29.142250488281253
229.310531,40.70887939453125
229.403003,46.13672998046875
229.480579,47.53543896484375
229.547341,47.41474658203125
229.624639,47.76029052734375
229.735141,48.05127490234375
229.824329,48.16700732421875
229.904224,48.25297998046875
230.010608,48.33729931640625
230.096291,48.39351220703125
230.171251,48.4042587890625
230.262035,48.4373251953125
230.339166,48.49271142578125
230.427427,48.502631347656255
230.495134,48.504284667968754
230.591335,48.51089794921875
230.655499,48.51503125
230.751069,48.3414326171875
230.888079,48.18188720703125
230.966546,48.06946142578125
231.031137,47.989275390625004
231.094095,47.868583007812504
231.158705,47.7892236328125
231.235446,47.67266455078125
231.294213,47.592478515625004
231.365927,47.480052734375
231.453947,47.349440429687505
231.578065,47.2270947265625
231.659537,47.124588867187505
231.783617,46.9691767578125
231.876034,46.8269912109375
231.991619,46.7178720703125
232.114123,46.5657666015625
232.20767,46.46739404296875
232.267272,46.39878125
232.327782,46.32355517578125
232.399199,46.229315917968755
232.468947,46.1392099609375
232.555706,46.03918408203125
232.631352,45.94163818359375
232.723954,45.8482255859375
232.802179,45.734146484375
232.895801,45.645693847656254
232.972339,45.577081054687504
233.039694,45.49358837890625
233.119069,45.387775878906254
233.216048,45.30676318359375
233.299969,45.19103076171875
233.422324,45.079431640625
233.497155,44.9884990234375
233.555068,44.9355927734375
233.642235,44.8463134765625
233.715192,44.74463427734375
233.83547,44.64874169921875
233.9272,44.55615576171875
234.014886,44.474316406250004
234.093482,44.39413037109375
234.211256,44.285011230468754
234.327268,44.193251953125
234.408109,44.111412597656255
234.473961,44.03783984375
234.548087,43.9832802734375
234.610971,43.90309423828125
234.708823,43.84688134765625
234.770705,43.766695312500005
234.883434,43.690642578125
234.971194,43.6096298828125
235.053667,43.527790527343754
235.127682,43.48811083984375
235.22774,43.393044921875
235.296895,43.321952148437504
235.382985,43.2492060546875
235.451824,43.16736669921875
235.529159,43.1103271484375
235.601968,43.05824755859375
235.665687,43.0210478515625
235.737142,42.956568359375
235.815701,42.8937421875
235.939986,42.786276367187504
236.018564,42.7267568359375
236.086234,42.6705439453125
236.146503,42.631690917968754
236.218941,42.5498515625
236.291657,42.50769189453125
236.351314,42.4291591796875
236.427907,42.36881298828125
236.501977,42.3101201171875
236.580926,42.25473388671875
236.654087,42.1778544921875
236.722295,42.1282548828125
236.797979,42.0555087890625
236.866373,42.01417578125
236.946138,41.93729638671875
237.032544,41.8769501953125
237.098749,41.80999072265625
237.178162,41.74220458984375
237.268908,41.682685058593755
237.348729,41.6091123046875
237.422725,41.55372607421875
237.485776,41.495033203125004
237.543597,41.4470869140625
237.609987,41.40162060546875
237.68018,41.3280478515625
237.745717,41.28258154296875
237.804855,41.2271953125
237.867795,41.19412890625
237.966592,41.08831640625
238.042313,41.038716796875
238.102619,40.97506396484375
238.163649,40.92877099609375
238.239685,40.8287451171875
238.333622,40.74194580078125
238.411161,40.67250634765625
238.480112,40.60968017578125
238.558968,40.53362744140625
238.623077,40.47576123046875
238.692379,40.38730859375
238.758121,40.337708984375
238.828778,40.24760302734375
238.90422,40.19800341796875
239.014871,40.0781376953125
239.087717,40.0086982421875
239.165367,39.9359521484375
239.228085,39.8731259765625
239.31041,39.795419921875
239.406777,39.7011806640625
239.480161,39.6218212890625
239.540727,39.55403515625
239.607321,39.498648925781254
239.676828,39.412676269531254
239.742087,39.36472998046875
239.820646,39.28041064453125
239.882232,39.233291015625
239.944078,39.1655048828125
240.041725,39.06382568359375
240.109952,39.01174609375
240.178939,38.92660009765625
240.246647,38.87038720703125
240.314985,38.78689453125
240.415508,38.6860419921875
240.478967,38.6331357421875
240.556914,38.552123046875
240.619224,38.50500341796875
240.688879,38.44052392578125
240.767791,38.37273779296875
240.827318,38.31156494140625
240.890313,38.26196533203125
240.954385,38.18425927734375
241.027398,38.119779785156254
241.105363,38.0643935546875
241.166152,38.01066064453125
241.222637,37.95362109375
241.296837,37.89162158203125
241.400253,37.791595703125004
241.519585,37.695703125
241.583731,37.639490234375
241.656614,37.568397460937504
241.721743,37.5187978515625
241.777615,37.46010498046875
241.835269,37.412158691406255
241.898691,37.348505859375
241.95909,37.3071728515625
242.06412,37.207973632812504
242.132496,37.1286142578125
242.207809,37.08314794921875
242.274514,37.004615234375
242.360123,36.94592236328125
242.424027,36.88309619140625
242.501882,36.82192333984375
242.586841,36.740083984375
242.655086,36.672297851562504
242.719251,36.61525830078125
242.784287,36.568138671875005
242.862253,36.484645996093754
242.926565,36.435873046875
242.994162,36.376353515625
243.067972,36.277980957031254
243.154897,36.21350146484375
243.216205,36.14902197265625
243.287864,36.0820625
243.374362,36.0043564453125
243.455704,35.9249970703125
243.524376,35.8687841796875
243.61516,35.767931640625
243.678044,35.71419873046875
243.738369,35.65137255859375
243.807245,35.61665283203125
243.87588,35.5381201171875
243.954643,35.470333984375
244.020793,35.4091611328125
244.122892,35.32153515625
244.194476,35.25788232421875
244.258474,35.19505615234375
244.319336,35.1479365234375
244.379995,35.088416992187504
244.455772,35.02311083984375
244.514297,34.9660712890625
244.576773,34.916471679687504
244.663958,34.83959228515625
244.731017,34.7875126953125
244.799485,34.709806640625004
244.863371,34.656900390625005
244.93119,34.57506103515625
245.017596,34.50562158203125
245.095376,34.43122216796875
245.191335,34.3345029296875
245.258486,34.29234326171875
245.319404,34.226210449218755
245.404493,34.1691708984375
245.469733,34.107998046875004
245.532228,34.04599853515625
245.606799,33.96333251953125
245.704539,33.896373046875
245.774491,33.8219736328125
245.835001,33.76658740234375
245.898609,33.71368115234375
245.972253,33.67896142578125
246.034785,33.605388671875
246.093959,33.56488232421875
246.198841,33.469816406250004
246.270926,33.406990234375
246.356535,33.3392041015625
246.41953,33.29208447265625
246.499685,33.22595166015625
246.564517,33.17469873046875
246.638198,33.10029931640625
246.727015,33.0250732421875
246.807281,32.96307373046875
246.880331,32.884541015625004
246.938522,32.84734130859375
247.006972,32.78451513671875
247.068984,32.7373955078125
247.139994,32.66382275390625
247.218108,32.607609863281255
247.276262,32.547263671875
247.335288,32.4976640625
247.415851,32.42491796875
247.499252,32.3653984375
247.570391,32.30670556640625
247.635631,32.2413994140625
247.699165,32.1818798828125
247.784328,32.11822705078125
247.846248,32.040520996093754
247.920689,31.998361328125004
247.979363,31.93636181640625
248.051467,31.879322265625
248.123515,31.818149414062503
248.182059,31.773509765625
248.265181,31.70489697265625
248.343852,31.60404443359375
248.450681,31.53460498046875
248.526588,31.48583203125
248.591401,31.40564599609375
248.655492,31.35356640625
248.723403,31.297353515625005
248.822683,31.196500976562504
248.893933,31.123754882812506
248.967707,31.061755371093753
249.03419,30.97908935546875
249.106164,30.927009765625
249.180698,30.845997070312496
249.243712,30.793090820312504
249.315222,30.708771484375003
249.411441,30.6376787109375
249.475606,30.553359375
249.536524,30.490533203125004
249.607404,30.435146972656252
249.682587,30.351654296875
249.750201,30.305361328125002
249.842339,30.2012021484375
249.920212,30.116056152343752
249.97985,30.06810986328125
250.04344,30.005283691406255
250.115377,29.942457519531253
250.179467,29.87963134765625
250.25695,29.8176318359375
250.367193,29.720912597656252
250.434863,29.653953124999997
250.495522,29.598566894531253
250.563174,29.551447265625004
250.641918,29.47622119140625
250.731942,29.405955078125
250.8077,29.340648925781252
250.899875,29.243103027343746
250.981959,29.186063476562502
251.044824,29.128197265625
251.111994,29.09265087890625
251.175565,29.013291503906252
251.234517,28.969478515625003
251.298551,28.90913232421875
251.392414,28.83638623046875
251.477707,28.758680175781247
251.543949,28.715693847656247
251.604868,28.65617431640625
251.668401,28.608228027343753
251.746608,28.546228515625
251.814538,28.499935546875
251.919216,28.41644287109375
251.982527,28.3792431640625
252.053054,28.301537109375
252.119333,28.25937744140625
252.185037,28.213911132812502
252.247569,28.15852490234375
252.311864,28.12215185546875
252.414798,28.0270859375
252.483915,27.98327294921875
252.556074,27.92788671875
252.61779,27.871673828124997
252.692844,27.821247558593747
252.759178,27.769167968750004
252.822211,27.712955078125002
252.883204,27.666662109375
252.971372,27.583996093750002
253.047909,27.541836425781252
253.112908,27.495543457031253
253.178872,27.425277343749997
253.247507,27.38311767578125
253.314584,27.309544921875002
253.441726,27.196292480468752
253.534791,27.1392529296875
253.62064,27.068160156250006
253.698309,27.014427246093746
253.756389,26.9606943359375
253.819107,26.921014648437502
253.882678,26.86562841796875
253.93907,26.82098876953125
254.043896,26.739976074218752
254.106094,26.696989746093752
254.17907,26.634990234375
254.244662,26.585390625000006
254.305247,26.54653759765625
254.374995,26.46883154296875
254.483605,26.383685546875
254.553835,26.320032714843748
254.619224,26.270433105468747
254.67582,26.22166015625
254.731971,26.2001669921875
254.79083,26.1571806640625
254.850988,26.096834472656248
254.914559,26.067074707031253
254.975254,26.0083818359375
255.064535,25.957955566406255
255.130555,25.906702636718755
255.19138,25.85544970703125
255.266675,25.79841015625
255.33019,25.74137060546875
255.399919,25.677717773437504
255.454883,25.6181982421875
255.546928,25.548758789062497
255.618735,25.47849267578125
255.675943,25.4264130859375
255.747658,25.371853515625002
255.810746,25.32638720703125
255.869642,25.26521435546875
255.931822,25.202388183593747
256.000698,25.14121533203125
256.090462,25.051936035156253
256.158225,25.00233642578125
256.22686,24.94447021484375
256.287463,24.86841748046875
256.362646,24.81055126953125
256.421839,24.760125000000002
256.478212,24.703912109375
256.563301,24.62703271484375
256.622309,24.5666865234375
256.679739,24.511300292968752
256.739322,24.45178076171875
256.796623,24.398874511718752
256.865239,24.34927490234375
256.954595,24.26412890625
257.040351,24.18724951171875
257.122658,24.128556640625
257.1871,24.06490380859375
257.250449,24.02191748046875
257.306971,23.98058447265625
257.383638,23.91279833984375
257.446318,23.86815869140625
257.510594,23.81029248046875
257.610949,23.71439990234375
257.690381,23.665626953125003
257.767586,23.597840820312502
257.827409,23.55237451171875
257.897287,23.4920283203125
257.967091,23.43664208984375
258.030959,23.3928291015625
258.095086,23.3333095703125
258.183143,23.26635009765625
258.246454,23.20683056640625
258.315219,23.14565771484375
258.376137,23.083658203125
258.439689,23.037365234375002
258.501628,22.95883251953125
258.635188,22.8505400390625
258.734208,22.7678740234375
258.799689,22.7116611328125
258.872553,22.6455283203125
258.940131,22.590142089843752
259.00207,22.547982421875002
259.058091,22.504169433593752
259.116041,22.452089843750002
259.204246,22.374383789062502
259.267427,22.331397460937502
259.327733,22.27601123046875
259.399448,22.2057451171875
259.4676,22.14043896484375
259.538795,22.0800927734375
259.597154,22.039586425781252
259.666234,21.97345361328125
259.754736,21.89574755859375
259.817101,21.83953466796875
259.887906,21.774228515625
259.954334,21.728762207031252
260.019556,21.651056152343752
260.1001,21.58988330078125
260.160684,21.52375048828125
260.251356,21.44108447265625
260.326669,21.384044921875002
260.390519,21.323698730468752
260.458263,21.26583251953125
260.534912,21.22201953125
260.59416,21.142660156250003
260.714383,21.03602099609375
260.78977,20.9955146484375
260.854788,20.91532861328125
260.911774,20.88722216796875
260.970781,20.82604931640625
261.037672,20.755783203125002
261.092321,20.689650390625
261.167578,20.6383974609375
261.25148,20.5656513671875
261.318519,20.50778515625
261.378733,20.444958984375
261.443194,20.394532714843752
261.502739,20.33666650390625
261.561469,20.286240234375
261.631792,20.206880859375
261.738566,20.12834814453125
261.80772,20.066348632812502
261.883367,20.00517578125
261.950369,19.92664306640625
262.029912,19.87869677734375
262.092166,19.817523925781252
262.15531,19.750564453125
262.274494,19.63896533203125
262.344242,19.57779248046875
262.407553,19.53480615234375
262.469083,19.46867333984375
262.539332,19.40254052734375
262.619227,19.31987451171875
262.686804,19.26200830078125
262.796565,19.1504091796875
262.86661,19.0875830078125
262.943351,19.02062353515625
263.018219,18.9404375
263.080825,18.877611328125
263.162705,18.80734521484375
263.230412,18.7420390625
263.3127,18.66019970703125
263.381892,18.606466796875
263.446186,18.560173828125002
263.522538,18.465934570312502
263.61551,18.3931884765625
263.706721,18.336975585937502
263.78617,18.24604296875
263.859127,18.2129765625
263.930211,18.15345703125
263.996175,18.09311083984375
264.064253,18.03855126953125
264.12404,17.99060498046875
264.187444,17.94265869140625
264.248714,17.88313916015625
264.323007,17.81204638671875
264.399025,17.74095361328125
264.456679,17.6855673828125
264.518728,17.631007812500002
264.581835,17.58223486328125
264.651342,17.5235419921875
264.710424,17.47642236328125
264.788111,17.396236328125
264.857748,17.337543457031252
264.920762,17.2788505859375
264.987654,17.2292509765625
265.046735,17.164771484375002
265.11001,17.115171875
265.172653,17.0506923828125
265.23218,17.001092773437502
265.295528,16.92256005859375
265.355778,16.880400390625
265.438159,16.80682763671875
265.502416,16.76549462890625
265.565876,16.709281738281252
265.628278,16.658028808593752
265.683891,16.5993359375
265.745384,16.54064306640625
265.846927,16.4455771484375
265.920478,16.37861767578125
265.980913,16.31496484375
266.040552,16.26784521484375
266.115661,16.183525878906252
266.178601,16.12896630859375
266.240873,16.06944677734375
266.311474,15.98678076171875
266.400162,15.9115546875
266.478833,15.825582031250002
266.563272,15.74043603515625
266.62087,15.686703125000001
266.687168,15.626356933593751
266.755543,15.56518408203125
266.859683,15.451104980468749
266.932399,15.369265625
266.997917,15.314706054687498
267.068314,15.251879882812503
267.132831,15.194840332031252
267.194176,15.10721435546875
267.274368,15.055134765625
267.336993,14.9873486328125
267.422601,14.867482910156248
267.500047,14.8154033203125
267.555604,14.7658037109375
267.612293,14.707937500000002
267.675178,14.61948486328125
267.739194,14.567405273437501
267.81306,14.502099121093751
267.887371,14.40620654296875
267.9635,14.349993652343752
268.03412,14.269807617187503
268.111177,14.222687988281251
268.168867,14.137541992187499
268.236204,14.089595703125003
268.302873,14.024289550781251
268.36342,13.9854365234375
268.439011,13.903597167968751
268.501933,13.863090820312502
268.557972,13.8101845703125
268.66291,13.772984863281252
268.731266,13.77133154296875